,names
0,claudia wagner
1,jonas l juul
2,jon kleinberg
3,chloe ahn
4,xinyi wang
5,giuseppe russo
6,luca verginer
7,manoel horta ribeiro
8,giona casiraghi
9,almog simchon
10,adam sutton
11,matthew edwards
12,stephan lewandowsky
13,arianna pera
14,manuel vimercati
15,matteo palmonari
16,mohammed alsobay
17,abdullah almaatouq
18,david g. rand
19,duncan j. watts
20,sara venturini
21,satyaki sikdar
22,francesco rinaldi
23,francesco tudisco
24,santo fortunato
25,isabella loaiza
26,takahiro yabe
27,alex pentland
28,taha yasseri
29,silvia de sojo caso
30,mia ann jørgensen
31,sune lehmann
32,laura alessandretti
33,emil bakkensen johansen
34,mathias wullum nielsen
35,rubén rodríguez casañ
36,antonio ariño villarroya
37,sunny rai
38,ashley francisco
39,salvatore giorgi
40,brenda curtis
41,lyle ungar
42,sharath chandra guntuku
43,allison koenecke
44,eric giannella
45,robb willer
46,sharad goel
47,ziv epstein
48,hause lin
49,levin brinkmann
50,bramantyo supriyatno
51,iyad rahwan
52,sandro ferreira sousa
53,vincenzo nicosia
54,david garcia
55,marilena hohmann
56,michele coscia
57,tiancheng hu
58,yara kyrychenko
59,sander van der linden
60,jon roozenbeek
61,nikolaos nakis
62,abdulkadir celikkanat
63,louis boucherie
64,morten mørup
65,corrado monti
66,jacopo d'ignazi
67,michele starnini
68,gianmarco de francisci morales
69,homa hosseinmardi
70,sam wolken
71,david rothschild
72,duncan watts
73,li zhang
74,isabelle lorge
75,janet b. pierrehumbert
76,xiaowen dong
77,milena tsvetkova
78,melanie oyarzun
79,carlos rodriguez-sickert
80,cristian e candia
81,bernardo garcia bulle bueno
82,morgan ryan frank
83,esteban moro
84,dingeman jan van der laan
85,edwin de jonge
86,marjolijn das
87,veniamin veselovsky
88,robert west
89,mark e whiting
90,duncan j watts
91,marc sadurní parera
92,josep perelló
93,miquel montero
94,elisa omodei
95,jamell dacon
96,jiliang tang
97,minsu park
98,chao yu
99,michael macy
100,kat albrecht
101,nicola fanton
102,agnieszka falenska
103,michael roth
104,zeyneb nahide kaya
105,alexandra segerberg
106,matteo magnani
107,sandra gonzalez-bailón
108,damian trilling
109,roeland dubèl
110,rupert kiddle
111,anne c. kroon
112,zilin lin
113,mónika simon
114,susan vermeer
115,kasper welbers
116,mark boukes
117,sanjay kairam
118,sukankana chakraborty
119,leonardo castro-gonzalez
120,helen margetts
121,jonathan bright
122,helena sophia rauxloh
123,lisa merten
124,heidi schulze
125,judith moeller
126,isabel lerch
127,dylan thurgood
128,sebastian stier
129,ardon z. shorr
130,dafna yavetz
131,leo ferres
132,simon martin breum
133,bojan kostic
134,michael szell
135,zhuangyuan fan
136,becky p.y. loo
137,ting lian
138,feiyang zhang
139,massimiliano luca
140,bruno lepri
141,antonio bucchiarone
142,annapaola marconi
143,simone centellegher
144,laura maria alessandretti
145,surendra hazarie
146,hugo barbosa
147,adam frank
148,ronaldo menezes
149,gourab ghoshal
150,henrik wolf
151,ane rahbek vierø
152,clara vandeweerdt
153,nicole nisbett
154,viktoria spaiser
155,kelton r minor
156,nick obradovich
157,hannah-marie büttner
158,hendrik meyer
159,patrick zerrer
160,max falkenberg
161,andrea baronchelli
162,giorgio tripodi
163,francesco lamperti
164,andrea mina
165,fabrizio lillo
166,roberto mavilia
167,francesca chiaromonte
168,kristoffer lind glavind
169,aaron j. schwartz
170,christopher danforth
171,andreas bjerre-nielsen
172,andreia sofia teixeira
173,michele tizzani
174,daniela paolotti
175,pietro coletti
176,alessandro de gaetano
177,christopher i jarvis
178,amy gimma
179,kerry wong
180,john w edmunds
181,philippe beutels
182,niel hens
183,julia koltai
184,adam stefkovics
185,anna sara ligeti
186,marcin waniek
187,petter holme
188,katayoun farrahi
189,remi emonet
190,manuel cebrian
191,talal rahwan
192,lorenzo amir nemati fard
193,michele tizzoni
194,daniela perrotta
195,nicola perra
196,nicolò gozzi
197,paolo bajardi
198,ryota kobayashi
199,yuka takedomi
200,yuri nakayama
201,towa suda
202,takeaki uno
203,takako hashimoto
204,masashi toyoda
205,naoki yoshinaga
206,masaru kitsuregawa
207,luis e c rocha
208,edward lee
209,katie spoon
210,isabelle langrock
211,jack laviolette
212,marcelo silva
213,kristina gligoric
214,tiziano piccardi
215,jake m. hofman
216,renzhe yu
217,sky ch-wang
218,zhen xu
219,zhuojian wei
220,nalette brodnax
221,keyu zhu
222,nabeel gillani
223,pascal van hentenryck
224,mariana macedo
225,cesar a hidalgo
226,luca rossi
227,juniper l lovato
228,laurent hebert-dufresne
229,jonathan st-onge
230,randall harp
231,gabriela salazar lopez
232,sean p. rogers
233,ijaz ul haq
234,jeremiah onaolapo
235,guangnan zhu
236,kateryna kasianenko
237,shima saniei
238,uttama barua
239,george gyamfi
240,jana lasser
241,segun aroyehun
242,fabio carella
243,ruth elisabeth appel
244,jennifer pan
245,margaret roberts
246,bao tran truong
247,xiaodan lou
248,alessandro flammini
249,filippo menczer
250,jason c coronel
251,matthew donald sweitzer
252,shannon poulsen
253,yuanmo he
254,kathyrn fair
255,omar guerrero
256,gerardo iñiguez
257,sara heydari
258,jános kertész
259,jari saramäki
260,johanna einsiedler
261,nikolaj arpe harmon
262,david dreyer lassen
263,jolien cremers
264,alexander j gates
265,alice grishchenko
266,ana macanovic
267,sam zhang
268,ashton anderson
269,ali faqeeh
270,letizia iannucci
271,ted hsuan yun chen
272,mikko kivelä
273,ali salloum
274,christian staal bruun overgaard
275,josephine lukito
276,kaiya soorholtz
277,fatima alqabandi
278,eckehard olbrich
279,sven banisch
280,yelena mejova
281,armin pournaki
282,felix gaisbauer
283,bradley spahn
284,sahil verma
285,pedro ramaciotti morales
286,yuta tomokiyo
287,kimitaka asatani
288,kunihiro miyazaki
289,fujio toriumi
290,ichiro sakata
291,matija franklin
292,trisevgeni papakonstantinou
293,tianshu chen
294,carlos fernandez-basso
295,david lagnado
296,sahar baribi-bartov
297,briony swire-thompson
298,nir grinberg
299,ohhyun kwon
300,damin lee
301,inho hong
302,jaehyuk park
303,hyejin youn
304,woo-sung jung
305,federico delussu
306,laetitia gauvin
307,lorenzo lucchini
308,marco tonin
309,marco de nadai
310,david mingfei liu
311,nandini iyer
312,lisette espin noboa
313,lorenzo dall'amico
314,onicio leal
315,lonjezo dzekedzeke
316,beverly laher
317,guilherme lichand
318,ciro cattuto
319,anna sapienza
320,alessandra urbinati
321,salvatore vilella
322,roland toth
323,christian strippel
324,marita lítlá
325,irena đorđević
326,david joachim grüning
327,frederik riedel
328,philipp lorenz-spreen
329,chia-jung tsai
330,robert gordon rinderknecht
331,emilio zagheni
332,wojtek przepiorka
333,vincent buskens
334,maren schuster
335,felix victor münch
336,aymeric luneau
337,jean-philippe cointet
338,yuan zhang
339,pu yan
340,ralph schroeder
341,akira matsui
342,taichi murayama
343,onur varol
344,martin gerlach
345,emilio ferrara
346,patrick gildersleve
347,akhil arora
348,ivan smirnov
349,camelia oprea
350,markus strohmaier
351,roberta rocca
352,shreya havaldar
353,thomas talhelm
354,james calum young
355,hywel t.p. williams
356,rudy arthur
357,camille landesvatter
358,paul c. bauer
359,hang jiang
360,xiajie zhang
361,xubo cao
362,jad kabbara
363,lucio la cava
364,andrea tagarelli
365,luca maria aiello
366,anubhab das
367,sanja scepanovic
368,ozgur can seckin
369,marie-laure charpignon
370,sagar kumar
371,maimuna s majumder
372,roberta sinatra
373,yanmeng xing
374,suman maity
375,stefan wuchty
376,dashun wang
377,jan bachmann
378,lisette espin-noboa
379,fariba karimi
380,claudia acciai
381,benjamin c holding
382,jesper wiborg schneider
383,frauke kreuter
384,francesco bonchi
385,subhayan mukerjee
386,tian yang
387,yilang peng
388,mengjie cheng
389,shunyuan zhang
390,makoto mizuno
391,hiroki takikawa
392,tina law
393,em bello-pardo
394,natalie mcdaniel gallagher
395,zoltan kmetty
396,julia szamely
397,dongning deng
398,kellner aniko
399,edit paulo
400,riccardo di clemente
401,james michelson
402,miruna cotet
403,wenjia zhao
404,ian krajbich
405,seongwoon kim
406,sonja walter
407,alan paul kwan
408,anjali bhatt
409,rudolf hanel
410,frank neffke
411,hirokazu shirado
412,shunichi kasahara
413,nicholas a christakis
414,luis m rocha
415,rion brattig correia
416,alain barrat
417,martin ardvisson
418,sebastiano bontorin
419,riccardo gallotti
420,luca pappalardo
421,manlio de domenico
422,qingtao cao
423,babak heydari
424,giovanni mauro
425,antonio longa
426,maddalena conte
427,nail furkan bashan
428,qi wang
429,kishore vasan
430,xinlan emily hu
431,linnea gandhi
432,lillio mok
433,lu sun
434,shilad sen
435,bahareh sarrafzadeh
436,james p houghton
437,yuzuki takahashi
438,hayato misumi
439,mikiko shimaoka
440,tomomi kito
441,tzu-chi yen
442,kate l. wootton
443,aaron clauset
444,daniel larremore
445,ezequiel lopez lopez
446,stefan m. herzog
447,ke zhou
448,daniele quercia
449,wanqi hu
450,xinran wang
451,yunhao yuan
452,koustuv saha
453,barbara keller
454,erkki tapio isometsä
455,talayeh aledavood
456,artem kuriksha
457,priyanka goonetilleke
458,anastasia karpova
459,peter meylakhs
460,sebastian mildiner moraga
461,fionneke m bos
462,bennard doornbos
463,richard bruggeman
464,lian van der krieke
465,evelien snippe
466,emmeke aarts
467,elizaveta sivak
468,malvina nissim
469,gert stulp
470,frederik andersen
471,pantelis p. analytis
472,diana verdes
473,kristian peter lorenzen
474,julian berger
475,ralf kurvers
476,elias najarro
477,claire glanois
478,louisa jane di felice
479,djordje grbic
480,meysam alizadeh
481,darya zare
482,mohammadhadi aliahmadi
483,mael kubli
484,sarvenaz ebrahimi
485,fabrizio gilardi
486,jaime pérez
487,edmond awad
488,gregorio lópez
489,mario castro
490,daniel valdenegro
491,charles rahal
492,joel harrison suss
493,dylan connor
494,tom kemeny
495,kokil jaidka
496,junsol kim
497,byungkyu lee
498,erkan gunes
499,christoffer koch florczak
500,vasanth sarathy
501,sonja m schmer-galunder
502,dan thomsen
503,laurel bobrow
504,richard freedman
505,marios constantinides
506,zachary pangan
507,eiji aramaki
508,shoko wakamiya
509,kongmeng liew
510,shuntaro yada
511,wan jou she
512,alessandro gambetti
513,qiwei han
514,ingmar weber
515,rupert tibor kiddle
516,anne kroon
517,satoshi tohda
518,regina widjaya
519,galen stocking
520,aaron smith
521,amin mekacher
522,fengyuan michael liu
523,bedoor alshebli
524,sylvain fontaine
525,floriana gargiulo
526,michel dubois
527,paola tubaro
528,jose miguel cordova
529,emoke-agnes horvat
530,daniel romero
531,aliakbar akbaritabar
532,andres f. castro torres
533,vincent lariviere
534,cassidy r. sugimoto
535,erin walk
536,nicholas laberge
537,sandor juhasz
538,indrajeet patil
539,erez yoeli
540,zoe k. rahwan
541,elohim fonseca dos reis
542,alex teytelboym
543,abeer elbahrawy
544,ella clement
545,alejandro beltran
546,kathyrn r fair
547,sebastian steffen
548,nikolitsa grigoropoulou
549,mario l. small
550,tom theile
551,carlos callejo penalba
552,kiran garimella
553,lavinia rossi mori
554,vittorio loreto
555,erick elejalde
556,victor navarro
557,loreto bravo
558,francisco barreras
559,bethany hsiao
560,yuan liao
561,jorge gil
562,sonia yeh
563,yunkyu sohn
564,christoph benedikt gote
565,laurence brandenberger
566,sophia johanna schlosser
567,frank schweitzer
568,niklas stoehr
569,benjamin j radford
570,ryan cotterell
571,aaron schein
572,rémi perrier
573,laura hernandez
574,mariano gastón beiró
575,josé ignacio alvarez-hamelin
576,dimitris kotzinos
577,kayla duskin
578,kristen engel
579,emma spiro
580,victoria yantseva
581,davide vega
582,dylan paltra
583,felix schmidt
584,marius sältzer
585,lena masch
586,mathieu génois
587,vincent straub
588,jason burton
589,michael geers
590,hao cui
591,jia lin cheoh
592,sabine brunswicker
593,hammaad adam
594,fan yin
595,mary hu
596,neil a. tenenholtz
597,lorin crawford
598,lester mackey
599,amir ghasemian
600,miguel rivera-lanas
601,manoel ribeiro
602,martin hilbert
603,arti thakur
604,angelita repetto
605,alexander gates
606,akira hashimoto
607,sho tsugawa
608,keiichiro tsukamoto
609,shintaro igari
610,anne cathrine linder
611,david lusseau
612,diogo pacheco
613,jonas alexander havstein eriksen
614,valentina semenova
615,julian winkler
616,nicholas buttrick
617,vedran sekara
618,mariano gaston beiro
619,kyriaki kalimeri
620,spencer poodiack parsons
621,brennan klein
622,tobias felix werner
623,nils christopher köbis
624,zoe rahwan
625,tamer ajaj
626,clara bersch
627,piotr sapiezynski
628,eric dignum
629,quinn lanners
630,harsh parikh
631,cynthia rudin
632,alexander volfovsky
633,david page
634,amy smith
635,hope schroeder
636,michael cook
637,simon colton
638,andrew lippman
639,nicolò pagan
640,joachim baumann
641,ezzat elokda
642,giulia de pasquale
643,saverio bolognani
644,anikó hannák
645,jan engler
646,sandipan sikdar
647,marlene lutz
648,maria sahakyan
649,ceren budak
650,natalie j. stroud
651,ashley muddiman
652,caroline c. murray
653,yujin kim
654,yoshi meke bird
655,sarah grobe
656,dilrukshi gamage
657,kazutoshi sasahara
658,emily l wang
659,luca luceri
660,francesco pierri
661,andrew beers
662,antonio desiderio
663,anna mancini
664,giulio cimini
665,pantelis pipergias analytis
666,sadamori kojaku
667,robert mahari
668,sandro lera
669,yong-yeol ahn
670,maciej j. dańko
671,xinyi zhao
672,aditi dutta
673,chico q camargo
674,susan banducci
675,yurie iwata
676,takahiro miura
677,yingxuan liu
678,paulina pankowska
679,tom emery
680,adrienne mendrik
681,javier ureña carrion
682,christian l vestergaard
683,márton karsai
684,taro takaguchi
685,eugenio valdano
686,radosław michalski
687,damian serwata
688,mateusz nurek
689,boleslaw k. szymanski
690,przemyslaw kazienko
691,tao jia
692,shahar somin
693,yaniv altshuler
694,erez shmueli
695,samin aref
696,hriday chheda
697,mahdi mostajabdaveh
698,pietro alessandro aluffi
699,léo meynent
700,clemens stachl
701,thomas louf
702,david sanchez
703,jose javier ramasco
704,marton karsai
705,tessa masis
706,chloe eggleston
707,lisa green
708,taylor jones
709,meghan armstrong
710,brendan o'connor
711,federico barrera lemarchand
712,laura victoria lescano
713,julieta ruiz
714,nuria caceres
715,facundo carrillo
716,mariano sigman
717,joaquín navajas
718,mahasweta chakraborti
719,stefan stanciulescu
720,vladimir filkov
721,seth frey
722,dustin wright
723,jiaxin pei
724,david jurgens
725,isabelle augenstein
726,rossano schifanella
727,wentao xu
728,bin wang
729,jianxun chu
730,miriam hurtado bodell
731,anastasia menshikova
732,ranadheer malla
733,ana julia bonzanini bernardi
734,isabela inês
735,rodger richer
736,camila tsuzuki
737,beatrice bonami
738,nicolò alessandro girardini
739,andrea passerini
740,ivano bison
741,fausto giunchiglia
742,christian czymara
743,frank van tubergen
744,daniele gambetta
745,kristian tylén
746,federico zimmerman
747,lucía pedraza
748,pablo balenzuela
749,jonathan cohen
750,leonardo rosado
751,marco pangallo
752,matthew bramwell bone
753,xindi wang
754,magnus resch
755,albert-laszlo barabasi
756,tara sowrirajan
757,ryan whalen
758,sourav medya
759,brian uzzi
760,luisa carrer
761,lorenzo de masi
762,vjosa preniqi
763,andreas kaltenbrunner
764,charalampos saitis
765,ole teutloff
766,otto kässi
767,eliza stenzhorn
768,douglas richard guilbeault
769,martin arvidsson
770,marc keuschnigg
771,matthew sharpe
772,eddie rossi
773,marco agnolon
774,bruno zamengo
775,francesco silvestri
776,alice battiston
777,andrew renninger
778,blas kolic
779,manuel tonneau
780,haaya naushan
781,eaman jahani
782,karim lasri
783,niyati malhotra
784,victor hugo orozco-olvera
785,samuel fraiberger
786,ming-hung wang
787,jia-ru song
788,yu-yao tseng
789,alina herderich
790,joshua garland
791,mirta galesic
792,ibrahim farouq
793,graham tierney
794,d. sunshine hillygus
795,christopher bail
796,yevgeniy golovchenko
797,aleksandra urman
798,mykola makhortykh
799,stefan katz
800,hugo subtil
801,arnault chatelain
802,felix lennert
803,etienne ollion
804,rubing shen
805,andreas spitz
806,jan nikadon
807,lejla dzanko
808,tomaso erseghe
809,caterina suitner
810,michał olech
811,paweł jurek
812,magdalena formanowicz
813,yuru li
814,szymon talaga
815,massimo stella
816,trevor james swanson
817,filipi nascimento silva
818,nate holers
819,lena mangold
820,camille roth
821,ferdinand le coz
822,guillaume cabanac
823,julien figeac
824,federico barrera-lemarchand
825,simon walo
826,samsun knight
827,yakov bart
828,matt rocklage
829,ziwen chen
830,amir goldberg
831,damiano morando
832,aidan combs
833,maximilian schich
834,xinwei xu
835,alessandro lomi
836,christoph stadtfeld
837,pantelis p analytis
838,karthikeya kaushik
839,stefan herzog
840,bahador bahrami
841,ophelia deroy
842,zeyu lyu
843,zhemeng xie
844,takaharu saito
845,aguru ishibashi
846,mark wittek
847,katharina burgdorf
848,simone santoni
849,juergen lerner
850,yiwei luo
851,dan jurafsky
852,kelton minor
853,mohammad amaan haque
854,taberez ahmed neyazi
855,roney reis
856,angelo brayner
857,miguel souza
858,edward abel
859,sajid siraj
860,alexander sobieska
861,cheng pan
862,maximilian hampel
863,pia gutsmiedl
864,rosa weidenspointner
865,seong-min jun
866,valentin pauli
867,matteo cinelli
868,carlo valensise
869,walter quattrociocchi
870,manju bura
871,tenzin tamang
872,amy munz
873,scott a. hale
874,kobi hackenburg
875,fabián aguirre-lópez
876,miguel a gonzález casado
877,angel sánchez
878,kangsan lee
879,anna sokolova
880,haiko lietz
881,johann schaible
882,maria zens
883,marcos a. oliveira
884,nicholas christakis
885,josefine bohr brask
886,andreas koher
887,darren croft
888,ivan dotu
889,manuel garcia-herranz
890,scott friedman
891,rense corten
892,laura boeschoten
893,vsevolod suschevskiy
894,lindsay larson
895,malte jung
896,leslie dechurch
897,noshir contractor
898,pearl pandya
899,leonie neuhäuser
900,michael t schaub
901,daniel matter
902,jürgen pfeffer
903,federico mazzoni
904,andrea failla
905,salvatore citraro
906,giulio rossetti
907,chiara chiavenna
908,laura leone
909,maria cucciniello
910,alessia melegaro
911,marcos oliveira
912,eyal perry
913,micah epstein
914,max lagencamp
915,irmandy wicaksono
916,cathy fang
917,ocã©ane boulais
918,ray funahashi
919,christian almenar
920,gordon pennycook
921,david rand
922,veronica lachi
923,gabriele santin
924,monica bianchini
925,pietro lio
926,franco scarselli
927,sahil loomba
928,alessio vincenzo cardillo
929,elisabet carbã³ catalan
930,javier borge holthoefer
931,diana roig sanz
932,ali yassin
933,abbas haidar
934,hocine cherifi
935,hamida seba
936,olivier togni
937,elena pavan
938,anna bertani
939,dan dai
940,matthew r deverna
941,kai-cheng yang
942,david axelrod
943,john bryden
944,shohei hisamitsu
945,sho cho
946,hongshan jin
947,cameron lai
948,mitsuo yoshida
949,haoning xue
950,jingwen zhang
951,qiusi sun
952,cuihua shen
953,elisabeth stockinger
954,carina ines hausladen
955,dorian quelle
956,calvin yixiang cheng
957,christiern santos rasmussen
958,amir ebrahimi fard
959,marijn ten thij
960,aliaksandr herasimenka
961,benedikt ströbl
962,kate joynes-burgess
963,samantha vanderslott
964,philip howard
965,scott a hale
966,adriano belisario
967,ahmed nasser mostafa
968,sukrit venkatagiri
969,ashlyn b. aske
970,connor cantrell
971,giulio corsi
972,fabio giglietto
973,giada marino
974,javier alvarez-galvez
975,antonio rojas-garcia
976,ilaria montagni
977,ourania kolokotroni
978,angelos kassianos
979,salim chouaki
980,oana goga
981,fabio carrella
982,shayne longpre
983,deb roy
984,alejandro dinkelberg
985,pádraig mac carron
986,michael quayle
987,keeley erhardt
988,saurabh khanna
989,avi gamoran
990,michael gilead
991,ke li
992,jie hua
993,fabian baumann
994,agnieszka czaplicka
995,tim faverjon
996,carlson moses büth
997,anastassia vybornova
998,luigi arminio
999,pj lamberson
1000,gülşah akçakır
1001,chanuwas aswamenakul
1002,michał‚ czuba
1003,piotr bródka
1004,silke adam
1005,maryna sydorova
1006,franziska keller
1007,akrati saxena
1008,george fletcher
1009,mykola pechenizkiy
1010,marie decker
1011,laila wegner
1012,carmen leicht-scholten
1013,anna seo gyeong choi
1014,orestis papakyriakopoulos
1015,alice xiang
1016,emma hoes
1017,peidong mei
1018,stefan sarkadi
1019,reid mcilroy-young
1020,siddhartha sen
1021,bhargav srinivasa desikan
1022,james evans
1023,jeff t sheng
1024,sima farokhnejad
1025,eraldo ribeiro
1026,alberto amaduzzi
1027,lucila alvarez-zuzek
1028,valeria d'andrea
1029,filippo privitera
1030,marta gonzalez
1031,armando bazzani
1032,kevin sparks
1033,christa brelsford
1034,jesse piburn
1035,andy berres
1036,marie urban
1037,gautam thakur
1038,tiago oliveira cunha
1039,astrid gühnemann
1040,yan asadchy
1041,maximilan schich
1042,ollie ballinger
1043,sam heroy
1044,neave o'clery
1045,pablo andres astudillo
1046,nicola pedreschi
1047,renaud lambiotte
1048,fátima velásquez-rojas
1049,erjian liu
1050,josé javier ramasco
1051,gianni barlacchi
1052,takayuki mizuno
1053,taizo horikomi
1054,shouji fujimoto
1055,atushi ishikawa
1056,katinka den nijs
1057,hasan alp boz
1058,mohsen bahrami
1059,selim balcisoy
1060,sanggoo kang
1061,bokányi
1062,adam finnemann
1063,denny borsboom
1064,sacha epskamp
1065,cesar augusto marin
1066,jesus berrios
1067,vittoria colizza
1068,clodomir santana
1069,federico botta
1070,hui wang
1071,hugo contreras
1072,rodrigo troncoso
1073,leonardo ferres
1074,carlos rodriguez
1075,justyna czestochowska
1076,sydney demets
1077,inês terrucha
1078,elias fernández domingos
1079,rémi suchonn
1080,francisco c santos
1081,pieter simoens
1082,tom lenaerts
1083,srishti vashistha
1084,rosalia steffi longjam
1085,rishabh kaushal
1086,jan-philipp rau
1087,philipp kessling
1088,mingmeng geng
1089,roberto trotta
1090,ridhi kashyap
1091,k. hunter wapman
1092,allison christine morgan
1093,bailey fosdick
1094,munjung kim
1095,ana maría jaramillo
1096,lili miao
1097,clara boothby
1098,attila varga
1099,xiaoran yan
1100,stasa milojevic
1101,alessandro flamini
1102,tongyu ding
1103,qing ke
1104,indraneel mane
1105,louis m shekhtman
1106,daniel scott smith
1107,xiang ren
1108,hancheng cao
1109,sanne smith
1110,daniel a. mcfarland
1111,shahan ali memon
1112,victor landaeta
1113,cecilia monge
1114,tamara yaikin
1115,robin delabays
1116,melvyn tyloo
1117,frank berthold
1118,christoph bartenhagen
1119,ana maria jaramillo
1120,xiaohui wang
1121,wen hao he
1122,han zheng
1123,jonathan zhu
1124,kevin munger
1125,drew dimmery
1126,yizhou fan
1127,kaixiang kang
1128,nakao ran
1129,alexandra florea
1130,lea biere
1131,ilona horwath
1132,silvia ioana fierăscu
1133,saumya tripathi
1134,telmo menezes
1135,antonin pottier
1136,margarita torre
1137,jesús a. prieto-alonso
1138,iñaki ucar
1139,taekho you
1140,jinseo park
1141,june young lee
1142,jinhyuk yun
1143,oliver baumann
1144,karolina stanczak
1145,rebecca adler-nissen
1146,patrice wangen
1147,zhixuan zhou
1148,jiao sun
1149,nanyun peng
1150,jinjun xiong
1151,yang wang
1152,giyeon baek
1153,enshu cheng
1154,ramesh jagannathan
1155,pablo hernández-lagos
1156,david joyner
1157,mingjing yin
1158,carolina coimbra vieira
1159,marisa vasconcelos
1160,ebru sanliturk
1161,daniele rama
1162,miriam redi
1163,shintaro sakai
1164,yasuhiro suzuki
1165,thomas franz müller
1166,james winters
1167,niccolo pescetelli
1168,federico pilati
1169,oriol artime
1170,pier luigi sacco
1171,aidar zinnatullin
1172,fredrik jansson
1173,isabel sebire
1174,valerii chirkov
1175,sara bonati
1176,maxim derex
1177,anne-marie nussberger
1178,daniel torren peraire
1179,ivan savin
1180,hyeseung shim
1181,jihoon kim
1182,jaehong ahn
1183,chung-kon shi
1184,christoph kern
1185,rob chew
1186,jacob beck
1187,stephanie eckman
1188,narayani vedam
1189,huiyi lv
1190,stephen davies
1191,ahmad hesam
1192,zaid al-ars
1193,fons rademakers
1194,frank pijpers
1195,jason hiigh thompson
1196,paul salmon
1197,chris baber
1198,scott mcclean
1199,gemma read
1200,tony carden
1201,neville stanton
1202,michael inzlicht
1203,kristina aleksandrovna pedersen
1204,jonas raaschou-pedersen
1205,anna rogers
1206,kun he
1207,qianru meng
1208,xiao zhang
1209,neeley pate
1210,inga trauthig
1211,samuel woolley
1212,anna di natale
1213,shatayu kulkarni
1214,theresa henn
1215,sarah tell
1216,julian polenz
1217,oliver posegga
1218,lama abdulrahman alqazlan
1219,andrea w wang
1220,david mimno
1221,francisco olivos
1222,ana alonso curbelo
1223,shintaro ueki
1224,toshiharu sugawara
1225,moena hashimoto
1226,yotaro takazawa
1227,linda coufal
1228,lion wedel
1229,priyanshi sharma
1230,somya tomar
1231,disha saini
1232,fabian braesemann
1233,alexandra rottenkolber
1234,vadim voskresenskii
1235,paulina bondaronek
1236,daniela valdes
1237,juan carlos rocha
1238,victor galaz
1239,silvia leoni
1240,andrea gentili
1241,hiu sze chan
1242,doug beeferman
1243,cassandra overney
1244,christine vega pourheydarian
1245,kumar chandra
1246,frank pantano
1247,george bikhazi
1248,takayuki uchiba
1249,haewoon kwak
1250,jisun an
1251,sota watanabe
1252,genki ichinose
1253,catalina vajiac
1254,arun frey
1255,abby smith
1256,junran yang
1257,denis bonnay
1258,juhi kulshrestha
1259,kazuhiro seki
1260,serine ramlawi
1261,daniel j corsi
1262,timothy douglas
1263,licia capra
1264,mirco musolesi
1265,huiyi lyu
1266,ayan-yue gupta
1267,saeedeh mohammadi
1268,gabriela juncosa
1269,margaret samahita
1270,dennis assenmacher
1271,leon fröhling
1272,andrés gvirtz
1273,matteo montecchi
1274,amy selby
1275,friedrich götz
1276,sujan dutta
1277,beibei li
1278,daniel nagin
1279,ashiqur r khudabukhsh
1280,indira sen
1281,mattia samory
1282,ollin demian langle-chimal
1283,max pellert
1284,hannah metzler
1285,michael matzenberger
1286,dongwoo lim
1287,mikihito tanaka
1288,sagar joglekar
1289,varun tandon
1290,vrushabh vilas wadnere
1291,michael vincent arnold
1292,peter dodds
1293,sanja šćepanović
1294,jason rentfrow
1295,gabriele etta
1296,michele avalle
1297,matthew deverna
1298,rachith aiyappa
1299,diogo pachecho
1300,suyash fulay
1301,jisu kim
1302,alina sîrbu
1303,fosca giannotti
1304,hillel rapoport
1305,katharina lawall
1306,hendrik erz
1307,alejandro hermida carrillo
1308,alfredo hernandez sanchez
1309,nicholas j pangakis
1310,samuel wolken
1311,neil fasching
1312,sami alexej nenno
1313,yiyan zhang
1314,qin li
1315,ruhao liu
1316,zishan lan
1317,xiaoya chen
1318,tobin south
1319,guy zyskind
1320,clemens m. lechner
1321,beatrice rammstedt
1322,vera sosnovik
1323,linda li
1324,balazs vedres
1325,orsolya vasarhelyi
1326,marieke van hoof
1327,corine meppelink
1328,fan liang
1329,yuchen cao
1330,zsófia rakovics
1331,márton rakovics
1332,yan xia
1333,antti gronow
1334,arttu malkamäki
1335,tuomas ylä-anttila
1336,pablo moral
1337,huma rasheed
1338,casey randazzo
1339,melissa j dreier
1340,akeela careem
1341,li liao
1342,wenna chen
1343,sawa yoshioka
1344,anne c kroon
1345,rens vliegenthart
1346,jeroen jonkman
1347,shaun bevan
1348,christoffer green-pedersen
1349,alessia antelmi
1350,daniele de vinco
1351,carmine spagnuolo
1352,gennaro cordasco
1353,duilio balsamo
1354,jakob schlierf
1355,lui ruck
1356,jacob r brown
1357,enrico cantoni
1358,sahil chinoy
1359,martin koenen
1360,vincent pons
1361,khalid k osman
1362,florian barbaro
1363,andy skumanich
1364,roberto ulloa
1365,layla bouzoubaa
1366,shadi rezapour
1367,denis e hudon
1368,mohamed abouelenien
1369,mihai burzo
1370,rada mihalcea
1371,anya hommadova lu
1372,karim hamade
1373,belén c saldías fuentes
1374,dimitra dimitrakopoulou
1375,savvas zannettou
1376,tornike tsereteli
1377,simone paolo ponzetto
1378,zexun chen
1379,sean kelty
1380,alexandre evsukoff
1381,brooke foucault welles
1382,james bagrow
1383,sonja m schmer galunder
1384,gwyneth sutherlin
1385,adam h. russell
1386,akira tsurushima
1387,piyush ghasiya
1388,balaraju battu
1389,renzo bianchi
1390,debora nozza
1391,francesco barbieri
1392,sharon kang
1393,nguyen luong
1394,ian barnett
1395,amirhossein nakhaei
1396,jiani yan
1397,toshiya saito
1398,athina anastasiadou
1399,artem volgin
1400,douglas leasure
1401,mohammad atari
1402,nour kteily
1403,masanori hirano
1404,kiyoshi izumi
1405,veronika batzdorfer
1406,julia huschens
1407,holger steinmetz
1408,laura casanovas buliart
1409,priscila alvarez-cueva
1410,carlos castillo
1411,karmanya aggarwal
1412,baird howland
1413,mareike wieland
1414,gerret von nordheim
1415,katharina kleinen
1416,luiz neves
1417,xuanjun jason gong
1418,likun cao
1419,qiankun zhong
1420,kenjiro inoue
1421,michelangelo rossi
1422,tommaso bondi
1423,ryan louis stevens
1424,samar haider
1425,chris callison-burch
1426,lin ai
1427,yu-wen chen
1428,yuwen yu
1429,seoyoung kweon
1430,julia hirschberg
1431,sarah ita levitan
1432,eladio montero-porras
1433,jelena grujić
1434,navya suri
1435,abdullah zameek
1436,elizaveta chernenko
1437,delphine de moor
1438,jordan hart
1439,camille testard
1440,alex mielke
1441,alba motes rodrigo
1442,dan franks
1443,matthew silk
1444,lauren brent
1445,hikaru asano
1446,osamu sakura
1447,cornelius puschmann
1448,katrin weller
1449,ronald e. robertson
1450,amy dunphy
1451,shelby grossman
1452,shotaro ishihara
1453,hiromu takahashi
1454,hono shirai
1455,roman kyrychenko
1456,darko stojilovic
1457,hal ashton
1458,bertram malle
1459,vanessa cheung
1460,srdja dragovic
1461,johannes ross
1462,vera rocha
1463,tom grad
1464,jörg claussen
1465,lynn smith-lovin
1466,alexandros gelastopoulos
1467,pantelis analytis
1468,gaël le mens
1469,arnout van de rijt
1470,mahnaz roshanaei
1471,sumer vaid
1472,andrea leigh courtney
1473,serena jimyn soh
1474,jamil zaki
1475,gabriella harari
1476,coen d needell
1477,elliot pickens
1478,david m rothschild
1479,anna george
1480,ana valdivia
